DATE_RECEIVED,IA_NAME
03/03/2021,ÊEdgar Stalazar
03/04/2021,ÊJim Sourd
03/05/2021,ÊStephanie Lam
03/06/2021,ÊEarl Sandoval
03/07/2021,ÊMarty Zimmerman
03/08/2021,ÊErin Welch
03/09/2021,ÊPercy Barnes
03/10/2021,ÊLillian Wong
03/11/2021,ÊDerek Pratt
03/12/2021,ÊJody Tate
03/13/2021,ÊFrankie Torres
03/14/2021,ÊRose Wilson
03/15/2021,ÊSasha Potts
03/16/2021,ÊLee Carr
03/17/2021,ÊAyden Lozano
03/18/2021,ÊAlex Martin
03/19/2021,ÊTom Carry
03/20/2021,ÊZim Zuckerburg
03/21/2021,ÊPeter Lai
03/22/2021,ÊEunice Gui
03/23/2021,ÊMary Sams
03/24/2021,ÊKim Zu
03/25/2021,ÊAndrew Clews
03/26/2021,ÊSina Krull
03/27/2021,ÊPhill Moser
03/28/2021,ÊTom Dickens
03/29/2021,ÊGerry Connolly
03/30/2021,ÊAlex Bolten
03/31/2021,ÊVeronica Bal
04/01/2021,ÊFreddy Stockler
04/02/2021,ÊChris Parmar